proyecto_id,proyecto_nombre,tipo_id,proyecto_precio,empleado_id,empleado_nombre,empleado_telefono,a,b,c
101,Sitio de E-commerce,1,5000,1,Juan Pérez,123456789,1,perro,2555
101,Sitio de E-commerce,1,5000,1,Juan Pérez,123456789,3,casa,12511
101,Sitio de E-commerce,1,5000,1,Juan Pérez,123456789,4,arbol,787877
101,Sitio de E-commerce,1,5000,2,María González,987654321,1,perro,2555
101,Sitio de E-commerce,1,5000,2,María González,987654321,3,casa,12511
101,Sitio de E-commerce,1,5000,2,María González,987654321,4,arbol,787877
101,Sitio de E-commerce,1,5000,3,Pedro Ramirez,555555555,1,perro,2555
101,Sitio de E-commerce,1,5000,3,Pedro Ramirez,555555555,3,casa,12511
101,Sitio de E-commerce,1,5000,3,Pedro Ramirez,555555555,4,arbol,787877
101,Sitio de E-commerce,1,5000,4,Laura Martínez,111222333,1,perro,2555
101,Sitio de E-commerce,1,5000,4,Laura Martínez,111222333,3,casa,12511
101,Sitio de E-commerce,1,5000,4,Laura Martínez,111222333,4,arbol,787877
101,Sitio de E-commerce,1,5000,5,Carlos López,444555666,1,perro,2555
101,Sitio de E-commerce,1,5000,5,Carlos López,444555666,3,casa,12511
101,Sitio de E-commerce,1,5000,5,Carlos López,444555666,4,arbol,787877
101,Sitio de E-commerce,1,5000,6,Ana Rodríguez,777888999,1,perro,2555
101,Sitio de E-commerce,1,5000,6,Ana Rodríguez,777888999,3,casa,12511
101,Sitio de E-commerce,1,5000,6,Ana Rodríguez,777888999,4,arbol,787877
101,Sitio de E-commerce,1,5000,7,Luisa Sánchez,333444555,1,perro,2555
101,Sitio de E-commerce,1,5000,7,Luisa Sánchez,333444555,3,casa,12511
101,Sitio de E-commerce,1,5000,7,Luisa Sánchez,333444555,4,arbol,787877
101,Sitio de E-commerce,1,5000,8,Javier García,666777888,1,perro,2555
101,Sitio de E-commerce,1,5000,8,Javier García,666777888,3,casa,12511
101,Sitio de E-commerce,1,5000,8,Javier García,666777888,4,arbol,787877
101,Sitio de E-commerce,1,5000,9,Elena Fernández,999000111,1,perro,2555
101,Sitio de E-commerce,1,5000,9,Elena Fernández,999000111,3,casa,12511
101,Sitio de E-commerce,1,5000,9,Elena Fernández,999000111,4,arbol,787877
101,Sitio de E-commerce,1,5000,10,David Torres,222333444,1,perro,2555
101,Sitio de E-commerce,1,5000,10,David Torres,222333444,3,casa,12511
101,Sitio de E-commerce,1,5000,10,David Torres,222333444,4,arbol,787877
101,Sitio de E-commerce,1,5000,11,Sara Gómez,555666777,1,perro,2555
101,Sitio de E-commerce,1,5000,11,Sara Gómez,555666777,3,casa,12511
101,Sitio de E-commerce,1,5000,11,Sara Gómez,555666777,4,arbol,787877
101,Sitio de E-commerce,1,5000,12,Miguel Pérez,888999000,1,perro,2555
101,Sitio de E-commerce,1,5000,12,Miguel Pérez,888999000,3,casa,12511
101,Sitio de E-commerce,1,5000,12,Miguel Pérez,888999000,4,arbol,787877
101,Sitio de E-commerce,1,5000,13,Paula Rodríguez,111222333,1,perro,2555
101,Sitio de E-commerce,1,5000,13,Paula Rodríguez,111222333,3,casa,12511
101,Sitio de E-commerce,1,5000,13,Paula Rodríguez,111222333,4,arbol,787877
101,Sitio de E-commerce,1,5000,14,Daniel López,444555666,1,perro,2555
101,Sitio de E-commerce,1,5000,14,Daniel López,444555666,3,casa,12511
101,Sitio de E-commerce,1,5000,14,Daniel López,444555666,4,arbol,787877
101,Sitio de E-commerce,1,5000,15,Carmen Martínez,777888999,1,perro,2555
101,Sitio de E-commerce,1,5000,15,Carmen Martínez,777888999,3,casa,12511
101,Sitio de E-commerce,1,5000,15,Carmen Martínez,777888999,4,arbol,787877
101,Sitio de E-commerce,1,5000,16,Alejandro Ruiz,000111222,1,perro,2555
101,Sitio de E-commerce,1,5000,16,Alejandro Ruiz,000111222,3,casa,12511
101,Sitio de E-commerce,1,5000,16,Alejandro Ruiz,000111222,4,arbol,787877
102,App de seguimiento de ejercicio,2,8000,1,Juan Pérez,123456789,1,perro,2555
102,App de seguimiento de ejercicio,2,8000,1,Juan Pérez,123456789,3,casa,12511
102,App de seguimiento de ejercicio,2,8000,1,Juan Pérez,123456789,4,arbol,787877
102,App de seguimiento de ejercicio,2,8000,2,María González,987654321,1,perro,2555
102,App de seguimiento de ejercicio,2,8000,2,María González,987654321,3,casa,12511
102,App de seguimiento de ejercicio,2,8000,2,María González,987654321,4,arbol,787877
102,App de seguimiento de ejercicio,2,8000,3,Pedro Ramirez,555555555,1,perro,2555
102,App de seguimiento de ejercicio,2,8000,3,Pedro Ramirez,555555555,3,casa,12511
102,App de seguimiento de ejercicio,2,8000,3,Pedro Ramirez,555555555,4,arbol,787877
102,App de seguimiento de ejercicio,2,8000,4,Laura Martínez,111222333,1,perro,2555
102,App de seguimiento de ejercicio,2,8000,4,Laura Martínez,111222333,3,casa,12511
102,App de seguimiento de ejercicio,2,8000,4,Laura Martínez,111222333,4,arbol,787877
102,App de seguimiento de ejercicio,2,8000,5,Carlos López,444555666,1,perro,2555
102,App de seguimiento de ejercicio,2,8000,5,Carlos López,444555666,3,casa,12511
102,App de seguimiento de ejercicio,2,8000,5,Carlos López,444555666,4,arbol,787877
102,App de seguimiento de ejercicio,2,8000,6,Ana Rodríguez,777888999,1,perro,2555
102,App de seguimiento de ejercicio,2,8000,6,Ana Rodríguez,777888999,3,casa,12511
102,App de seguimiento de ejercicio,2,8000,6,Ana Rodríguez,777888999,4,arbol,787877
102,App de seguimiento de ejercicio,2,8000,7,Luisa Sánchez,333444555,1,perro,2555
102,App de seguimiento de ejercicio,2,8000,7,Luisa Sánchez,333444555,3,casa,12511
102,App de seguimiento de ejercicio,2,8000,7,Luisa Sánchez,333444555,4,arbol,787877
102,App de seguimiento de ejercicio,2,8000,8,Javier García,666777888,1,perro,2555
102,App de seguimiento de ejercicio,2,8000,8,Javier García,666777888,3,casa,12511
102,App de seguimiento de ejercicio,2,8000,8,Javier García,666777888,4,arbol,787877
102,App de seguimiento de ejercicio,2,8000,9,Elena Fernández,999000111,1,perro,2555
102,App de seguimiento de ejercicio,2,8000,9,Elena Fernández,999000111,3,casa,12511
102,App de seguimiento de ejercicio,2,8000,9,Elena Fernández,999000111,4,arbol,787877
102,App de seguimiento de ejercicio,2,8000,10,David Torres,222333444,1,perro,2555
102,App de seguimiento de ejercicio,2,8000,10,David Torres,222333444,3,casa,12511
102,App de seguimiento de ejercicio,2,8000,10,David Torres,222333444,4,arbol,787877
102,App de seguimiento de ejercicio,2,8000,11,Sara Gómez,555666777,1,perro,2555
102,App de seguimiento de ejercicio,2,8000,11,Sara Gómez,555666777,3,casa,12511
102,App de seguimiento de ejercicio,2,8000,11,Sara Gómez,555666777,4,arbol,787877
102,App de seguimiento de ejercicio,2,8000,12,Miguel Pérez,888999000,1,perro,2555
102,App de seguimiento de ejercicio,2,8000,12,Miguel Pérez,888999000,3,casa,12511
102,App de seguimiento de ejercicio,2,8000,12,Miguel Pérez,888999000,4,arbol,787877
102,App de seguimiento de ejercicio,2,8000,13,Paula Rodríguez,111222333,1,perro,2555
102,App de seguimiento de ejercicio,2,8000,13,Paula Rodríguez,111222333,3,casa,12511
102,App de seguimiento de ejercicio,2,8000,13,Paula Rodríguez,111222333,4,arbol,787877
102,App de seguimiento de ejercicio,2,8000,14,Daniel López,444555666,1,perro,2555
102,App de seguimiento de ejercicio,2,8000,14,Daniel López,444555666,3,casa,12511
102,App de seguimiento de ejercicio,2,8000,14,Daniel López,444555666,4,arbol,787877
102,App de seguimiento de ejercicio,2,8000,15,Carmen Martínez,777888999,1,perro,2555
102,App de seguimiento de ejercicio,2,8000,15,Carmen Martínez,777888999,3,casa,12511
102,App de seguimiento de ejercicio,2,8000,15,Carmen Martínez,777888999,4,arbol,787877
102,App de seguimiento de ejercicio,2,8000,16,Alejandro Ruiz,000111222,1,perro,2555
102,App de seguimiento de ejercicio,2,8000,16,Alejandro Ruiz,000111222,3,casa,12511
102,App de seguimiento de ejercicio,2,8000,16,Alejandro Ruiz,000111222,4,arbol,787877
103,Sistema de gestión de inventario,3,10000,1,Juan Pérez,123456789,1,perro,2555
103,Sistema de gestión de inventario,3,10000,1,Juan Pérez,123456789,3,casa,12511
103,Sistema de gestión de inventario,3,10000,1,Juan Pérez,123456789,4,arbol,787877
103,Sistema de gestión de inventario,3,10000,2,María González,987654321,1,perro,2555
103,Sistema de gestión de inventario,3,10000,2,María González,987654321,3,casa,12511
103,Sistema de gestión de inventario,3,10000,2,María González,987654321,4,arbol,787877
103,Sistema de gestión de inventario,3,10000,3,Pedro Ramirez,555555555,1,perro,2555
103,Sistema de gestión de inventario,3,10000,3,Pedro Ramirez,555555555,3,casa,12511
103,Sistema de gestión de inventario,3,10000,3,Pedro Ramirez,555555555,4,arbol,787877
103,Sistema de gestión de inventario,3,10000,4,Laura Martínez,111222333,1,perro,2555
103,Sistema de gestión de inventario,3,10000,4,Laura Martínez,111222333,3,casa,12511
103,Sistema de gestión de inventario,3,10000,4,Laura Martínez,111222333,4,arbol,787877
103,Sistema de gestión de inventario,3,10000,5,Carlos López,444555666,1,perro,2555
103,Sistema de gestión de inventario,3,10000,5,Carlos López,444555666,3,casa,12511
103,Sistema de gestión de inventario,3,10000,5,Carlos López,444555666,4,arbol,787877
103,Sistema de gestión de inventario,3,10000,6,Ana Rodríguez,777888999,1,perro,2555
103,Sistema de gestión de inventario,3,10000,6,Ana Rodríguez,777888999,3,casa,12511
103,Sistema de gestión de inventario,3,10000,6,Ana Rodríguez,777888999,4,arbol,787877
103,Sistema de gestión de inventario,3,10000,7,Luisa Sánchez,333444555,1,perro,2555
103,Sistema de gestión de inventario,3,10000,7,Luisa Sánchez,333444555,3,casa,12511
103,Sistema de gestión de inventario,3,10000,7,Luisa Sánchez,333444555,4,arbol,787877
103,Sistema de gestión de inventario,3,10000,8,Javier García,666777888,1,perro,2555
103,Sistema de gestión de inventario,3,10000,8,Javier García,666777888,3,casa,12511
103,Sistema de gestión de inventario,3,10000,8,Javier García,666777888,4,arbol,787877
103,Sistema de gestión de inventario,3,10000,9,Elena Fernández,999000111,1,perro,2555
103,Sistema de gestión de inventario,3,10000,9,Elena Fernández,999000111,3,casa,12511
103,Sistema de gestión de inventario,3,10000,9,Elena Fernández,999000111,4,arbol,787877
103,Sistema de gestión de inventario,3,10000,10,David Torres,222333444,1,perro,2555
103,Sistema de gestión de inventario,3,10000,10,David Torres,222333444,3,casa,12511
103,Sistema de gestión de inventario,3,10000,10,David Torres,222333444,4,arbol,787877
103,Sistema de gestión de inventario,3,10000,11,Sara Gómez,555666777,1,perro,2555
103,Sistema de gestión de inventario,3,10000,11,Sara Gómez,555666777,3,casa,12511
103,Sistema de gestión de inventario,3,10000,11,Sara Gómez,555666777,4,arbol,787877
103,Sistema de gestión de inventario,3,10000,12,Miguel Pérez,888999000,1,perro,2555
103,Sistema de gestión de inventario,3,10000,12,Miguel Pérez,888999000,3,casa,12511
103,Sistema de gestión de inventario,3,10000,12,Miguel Pérez,888999000,4,arbol,787877
103,Sistema de gestión de inventario,3,10000,13,Paula Rodríguez,111222333,1,perro,2555
103,Sistema de gestión de inventario,3,10000,13,Paula Rodríguez,111222333,3,casa,12511
103,Sistema de gestión de inventario,3,10000,13,Paula Rodríguez,111222333,4,arbol,787877
103,Sistema de gestión de inventario,3,10000,14,Daniel López,444555666,1,perro,2555
103,Sistema de gestión de inventario,3,10000,14,Daniel López,444555666,3,casa,12511
103,Sistema de gestión de inventario,3,10000,14,Daniel López,444555666,4,arbol,787877
103,Sistema de gestión de inventario,3,10000,15,Carmen Martínez,777888999,1,perro,2555
103,Sistema de gestión de inventario,3,10000,15,Carmen Martínez,777888999,3,casa,12511
103,Sistema de gestión de inventario,3,10000,15,Carmen Martínez,777888999,4,arbol,787877
103,Sistema de gestión de inventario,3,10000,16,Alejandro Ruiz,000111222,1,perro,2555
103,Sistema de gestión de inventario,3,10000,16,Alejandro Ruiz,000111222,3,casa,12511
103,Sistema de gestión de inventario,3,10000,16,Alejandro Ruiz,000111222,4,arbol,787877
104,Sistema operativo móvil,4,15000,1,Juan Pérez,123456789,1,perro,2555
104,Sistema operativo móvil,4,15000,1,Juan Pérez,123456789,3,casa,12511
104,Sistema operativo móvil,4,15000,1,Juan Pérez,123456789,4,arbol,787877
104,Sistema operativo móvil,4,15000,2,María González,987654321,1,perro,2555
104,Sistema operativo móvil,4,15000,2,María González,987654321,3,casa,12511
104,Sistema operativo móvil,4,15000,2,María González,987654321,4,arbol,787877
104,Sistema operativo móvil,4,15000,3,Pedro Ramirez,555555555,1,perro,2555
104,Sistema operativo móvil,4,15000,3,Pedro Ramirez,555555555,3,casa,12511
104,Sistema operativo móvil,4,15000,3,Pedro Ramirez,555555555,4,arbol,787877
104,Sistema operativo móvil,4,15000,4,Laura Martínez,111222333,1,perro,2555
104,Sistema operativo móvil,4,15000,4,Laura Martínez,111222333,3,casa,12511
104,Sistema operativo móvil,4,15000,4,Laura Martínez,111222333,4,arbol,787877
104,Sistema operativo móvil,4,15000,5,Carlos López,444555666,1,perro,2555
104,Sistema operativo móvil,4,15000,5,Carlos López,444555666,3,casa,12511
104,Sistema operativo móvil,4,15000,5,Carlos López,444555666,4,arbol,787877
104,Sistema operativo móvil,4,15000,6,Ana Rodríguez,777888999,1,perro,2555
104,Sistema operativo móvil,4,15000,6,Ana Rodríguez,777888999,3,casa,12511
104,Sistema operativo móvil,4,15000,6,Ana Rodríguez,777888999,4,arbol,787877
104,Sistema operativo móvil,4,15000,7,Luisa Sánchez,333444555,1,perro,2555
104,Sistema operativo móvil,4,15000,7,Luisa Sánchez,333444555,3,casa,12511
104,Sistema operativo móvil,4,15000,7,Luisa Sánchez,333444555,4,arbol,787877
104,Sistema operativo móvil,4,15000,8,Javier García,666777888,1,perro,2555
104,Sistema operativo móvil,4,15000,8,Javier García,666777888,3,casa,12511
104,Sistema operativo móvil,4,15000,8,Javier García,666777888,4,arbol,787877
104,Sistema operativo móvil,4,15000,9,Elena Fernández,999000111,1,perro,2555
104,Sistema operativo móvil,4,15000,9,Elena Fernández,999000111,3,casa,12511
104,Sistema operativo móvil,4,15000,9,Elena Fernández,999000111,4,arbol,787877
104,Sistema operativo móvil,4,15000,10,David Torres,222333444,1,perro,2555
104,Sistema operativo móvil,4,15000,10,David Torres,222333444,3,casa,12511
104,Sistema operativo móvil,4,15000,10,David Torres,222333444,4,arbol,787877
104,Sistema operativo móvil,4,15000,11,Sara Gómez,555666777,1,perro,2555
104,Sistema operativo móvil,4,15000,11,Sara Gómez,555666777,3,casa,12511
104,Sistema operativo móvil,4,15000,11,Sara Gómez,555666777,4,arbol,787877
104,Sistema operativo móvil,4,15000,12,Miguel Pérez,888999000,1,perro,2555
104,Sistema operativo móvil,4,15000,12,Miguel Pérez,888999000,3,casa,12511
104,Sistema operativo móvil,4,15000,12,Miguel Pérez,888999000,4,arbol,787877
104,Sistema operativo móvil,4,15000,13,Paula Rodríguez,111222333,1,perro,2555
104,Sistema operativo móvil,4,15000,13,Paula Rodríguez,111222333,3,casa,12511
104,Sistema operativo móvil,4,15000,13,Paula Rodríguez,111222333,4,arbol,787877
104,Sistema operativo móvil,4,15000,14,Daniel López,444555666,1,perro,2555
104,Sistema operativo móvil,4,15000,14,Daniel López,444555666,3,casa,12511
104,Sistema operativo móvil,4,15000,14,Daniel López,444555666,4,arbol,787877
104,Sistema operativo móvil,4,15000,15,Carmen Martínez,777888999,1,perro,2555
104,Sistema operativo móvil,4,15000,15,Carmen Martínez,777888999,3,casa,12511
104,Sistema operativo móvil,4,15000,15,Carmen Martínez,777888999,4,arbol,787877
104,Sistema operativo móvil,4,15000,16,Alejandro Ruiz,000111222,1,perro,2555
104,Sistema operativo móvil,4,15000,16,Alejandro Ruiz,000111222,3,casa,12511
104,Sistema operativo móvil,4,15000,16,Alejandro Ruiz,000111222,4,arbol,787877
105,Plataforma de gestión de contenido,5,7000,1,Juan Pérez,123456789,1,perro,2555
105,Plataforma de gestión de contenido,5,7000,1,Juan Pérez,123456789,3,casa,12511
105,Plataforma de gestión de contenido,5,7000,1,Juan Pérez,123456789,4,arbol,787877
105,Plataforma de gestión de contenido,5,7000,2,María González,987654321,1,perro,2555
105,Plataforma de gestión de contenido,5,7000,2,María González,987654321,3,casa,12511
105,Plataforma de gestión de contenido,5,7000,2,María González,987654321,4,arbol,787877
105,Plataforma de gestión de contenido,5,7000,3,Pedro Ramirez,555555555,1,perro,2555
105,Plataforma de gestión de contenido,5,7000,3,Pedro Ramirez,555555555,3,casa,12511
105,Plataforma de gestión de contenido,5,7000,3,Pedro Ramirez,555555555,4,arbol,787877
105,Plataforma de gestión de contenido,5,7000,4,Laura Martínez,111222333,1,perro,2555
105,Plataforma de gestión de contenido,5,7000,4,Laura Martínez,111222333,3,casa,12511
105,Plataforma de gestión de contenido,5,7000,4,Laura Martínez,111222333,4,arbol,787877
105,Plataforma de gestión de contenido,5,7000,5,Carlos López,444555666,1,perro,2555
105,Plataforma de gestión de contenido,5,7000,5,Carlos López,444555666,3,casa,12511
105,Plataforma de gestión de contenido,5,7000,5,Carlos López,444555666,4,arbol,787877
105,Plataforma de gestión de contenido,5,7000,6,Ana Rodríguez,777888999,1,perro,2555
105,Plataforma de gestión de contenido,5,7000,6,Ana Rodríguez,777888999,3,casa,12511
105,Plataforma de gestión de contenido,5,7000,6,Ana Rodríguez,777888999,4,arbol,787877
105,Plataforma de gestión de contenido,5,7000,7,Luisa Sánchez,333444555,1,perro,2555
105,Plataforma de gestión de contenido,5,7000,7,Luisa Sánchez,333444555,3,casa,12511
105,Plataforma de gestión de contenido,5,7000,7,Luisa Sánchez,333444555,4,arbol,787877
105,Plataforma de gestión de contenido,5,7000,8,Javier García,666777888,1,perro,2555
105,Plataforma de gestión de contenido,5,7000,8,Javier García,666777888,3,casa,12511
105,Plataforma de gestión de contenido,5,7000,8,Javier García,666777888,4,arbol,787877
105,Plataforma de gestión de contenido,5,7000,9,Elena Fernández,999000111,1,perro,2555
105,Plataforma de gestión de contenido,5,7000,9,Elena Fernández,999000111,3,casa,12511
105,Plataforma de gestión de contenido,5,7000,9,Elena Fernández,999000111,4,arbol,787877
105,Plataforma de gestión de contenido,5,7000,10,David Torres,222333444,1,perro,2555
105,Plataforma de gestión de contenido,5,7000,10,David Torres,222333444,3,casa,12511
105,Plataforma de gestión de contenido,5,7000,10,David Torres,222333444,4,arbol,787877
105,Plataforma de gestión de contenido,5,7000,11,Sara Gómez,555666777,1,perro,2555
105,Plataforma de gestión de contenido,5,7000,11,Sara Gómez,555666777,3,casa,12511
105,Plataforma de gestión de contenido,5,7000,11,Sara Gómez,555666777,4,arbol,787877
105,Plataforma de gestión de contenido,5,7000,12,Miguel Pérez,888999000,1,perro,2555
105,Plataforma de gestión de contenido,5,7000,12,Miguel Pérez,888999000,3,casa,12511
105,Plataforma de gestión de contenido,5,7000,12,Miguel Pérez,888999000,4,arbol,787877
105,Plataforma de gestión de contenido,5,7000,13,Paula Rodríguez,111222333,1,perro,2555
105,Plataforma de gestión de contenido,5,7000,13,Paula Rodríguez,111222333,3,casa,12511
105,Plataforma de gestión de contenido,5,7000,13,Paula Rodríguez,111222333,4,arbol,787877
105,Plataforma de gestión de contenido,5,7000,14,Daniel López,444555666,1,perro,2555
105,Plataforma de gestión de contenido,5,7000,14,Daniel López,444555666,3,casa,12511
105,Plataforma de gestión de contenido,5,7000,14,Daniel López,444555666,4,arbol,787877
105,Plataforma de gestión de contenido,5,7000,15,Carmen Martínez,777888999,1,perro,2555
105,Plataforma de gestión de contenido,5,7000,15,Carmen Martínez,777888999,3,casa,12511
105,Plataforma de gestión de contenido,5,7000,15,Carmen Martínez,777888999,4,arbol,787877
105,Plataforma de gestión de contenido,5,7000,16,Alejandro Ruiz,000111222,1,perro,2555
105,Plataforma de gestión de contenido,5,7000,16,Alejandro Ruiz,000111222,3,casa,12511
105,Plataforma de gestión de contenido,5,7000,16,Alejandro Ruiz,000111222,4,arbol,787877
106,Juego de plataforma,6,12000,1,Juan Pérez,123456789,1,perro,2555
106,Juego de plataforma,6,12000,1,Juan Pérez,123456789,3,casa,12511
106,Juego de plataforma,6,12000,1,Juan Pérez,123456789,4,arbol,787877
106,Juego de plataforma,6,12000,2,María González,987654321,1,perro,2555
106,Juego de plataforma,6,12000,2,María González,987654321,3,casa,12511
106,Juego de plataforma,6,12000,2,María González,987654321,4,arbol,787877
106,Juego de plataforma,6,12000,3,Pedro Ramirez,555555555,1,perro,2555
106,Juego de plataforma,6,12000,3,Pedro Ramirez,555555555,3,casa,12511
106,Juego de plataforma,6,12000,3,Pedro Ramirez,555555555,4,arbol,787877
106,Juego de plataforma,6,12000,4,Laura Martínez,111222333,1,perro,2555
106,Juego de plataforma,6,12000,4,Laura Martínez,111222333,3,casa,12511
106,Juego de plataforma,6,12000,4,Laura Martínez,111222333,4,arbol,787877
106,Juego de plataforma,6,12000,5,Carlos López,444555666,1,perro,2555
106,Juego de plataforma,6,12000,5,Carlos López,444555666,3,casa,12511
106,Juego de plataforma,6,12000,5,Carlos López,444555666,4,arbol,787877
106,Juego de plataforma,6,12000,6,Ana Rodríguez,777888999,1,perro,2555
106,Juego de plataforma,6,12000,6,Ana Rodríguez,777888999,3,casa,12511
106,Juego de plataforma,6,12000,6,Ana Rodríguez,777888999,4,arbol,787877
106,Juego de plataforma,6,12000,7,Luisa Sánchez,333444555,1,perro,2555
106,Juego de plataforma,6,12000,7,Luisa Sánchez,333444555,3,casa,12511
106,Juego de plataforma,6,12000,7,Luisa Sánchez,333444555,4,arbol,787877
106,Juego de plataforma,6,12000,8,Javier García,666777888,1,perro,2555
106,Juego de plataforma,6,12000,8,Javier García,666777888,3,casa,12511
106,Juego de plataforma,6,12000,8,Javier García,666777888,4,arbol,787877
106,Juego de plataforma,6,12000,9,Elena Fernández,999000111,1,perro,2555
106,Juego de plataforma,6,12000,9,Elena Fernández,999000111,3,casa,12511
106,Juego de plataforma,6,12000,9,Elena Fernández,999000111,4,arbol,787877
106,Juego de plataforma,6,12000,10,David Torres,222333444,1,perro,2555
106,Juego de plataforma,6,12000,10,David Torres,222333444,3,casa,12511
106,Juego de plataforma,6,12000,10,David Torres,222333444,4,arbol,787877
106,Juego de plataforma,6,12000,11,Sara Gómez,555666777,1,perro,2555
106,Juego de plataforma,6,12000,11,Sara Gómez,555666777,3,casa,12511
106,Juego de plataforma,6,12000,11,Sara Gómez,555666777,4,arbol,787877
106,Juego de plataforma,6,12000,12,Miguel Pérez,888999000,1,perro,2555
106,Juego de plataforma,6,12000,12,Miguel Pérez,888999000,3,casa,12511
106,Juego de plataforma,6,12000,12,Miguel Pérez,888999000,4,arbol,787877
106,Juego de plataforma,6,12000,13,Paula Rodríguez,111222333,1,perro,2555
106,Juego de plataforma,6,12000,13,Paula Rodríguez,111222333,3,casa,12511
106,Juego de plataforma,6,12000,13,Paula Rodríguez,111222333,4,arbol,787877
106,Juego de plataforma,6,12000,14,Daniel López,444555666,1,perro,2555
106,Juego de plataforma,6,12000,14,Daniel López,444555666,3,casa,12511
106,Juego de plataforma,6,12000,14,Daniel López,444555666,4,arbol,787877
106,Juego de plataforma,6,12000,15,Carmen Martínez,777888999,1,perro,2555
106,Juego de plataforma,6,12000,15,Carmen Martínez,777888999,3,casa,12511
106,Juego de plataforma,6,12000,15,Carmen Martínez,777888999,4,arbol,787877
106,Juego de plataforma,6,12000,16,Alejandro Ruiz,000111222,1,perro,2555
106,Juego de plataforma,6,12000,16,Alejandro Ruiz,000111222,3,casa,12511
106,Juego de plataforma,6,12000,16,Alejandro Ruiz,000111222,4,arbol,787877
107,Software de contabilidad,7,9000,1,Juan Pérez,123456789,1,perro,2555
107,Software de contabilidad,7,9000,1,Juan Pérez,123456789,3,casa,12511
107,Software de contabilidad,7,9000,1,Juan Pérez,123456789,4,arbol,787877
107,Software de contabilidad,7,9000,2,María González,987654321,1,perro,2555
107,Software de contabilidad,7,9000,2,María González,987654321,3,casa,12511
107,Software de contabilidad,7,9000,2,María González,987654321,4,arbol,787877
107,Software de contabilidad,7,9000,3,Pedro Ramirez,555555555,1,perro,2555
107,Software de contabilidad,7,9000,3,Pedro Ramirez,555555555,3,casa,12511
107,Software de contabilidad,7,9000,3,Pedro Ramirez,555555555,4,arbol,787877
107,Software de contabilidad,7,9000,4,Laura Martínez,111222333,1,perro,2555
107,Software de contabilidad,7,9000,4,Laura Martínez,111222333,3,casa,12511
107,Software de contabilidad,7,9000,4,Laura Martínez,111222333,4,arbol,787877
107,Software de contabilidad,7,9000,5,Carlos López,444555666,1,perro,2555
107,Software de contabilidad,7,9000,5,Carlos López,444555666,3,casa,12511
107,Software de contabilidad,7,9000,5,Carlos López,444555666,4,arbol,787877
107,Software de contabilidad,7,9000,6,Ana Rodríguez,777888999,1,perro,2555
107,Software de contabilidad,7,9000,6,Ana Rodríguez,777888999,3,casa,12511
107,Software de contabilidad,7,9000,6,Ana Rodríguez,777888999,4,arbol,787877
107,Software de contabilidad,7,9000,7,Luisa Sánchez,333444555,1,perro,2555
107,Software de contabilidad,7,9000,7,Luisa Sánchez,333444555,3,casa,12511
107,Software de contabilidad,7,9000,7,Luisa Sánchez,333444555,4,arbol,787877
107,Software de contabilidad,7,9000,8,Javier García,666777888,1,perro,2555
107,Software de contabilidad,7,9000,8,Javier García,666777888,3,casa,12511
107,Software de contabilidad,7,9000,8,Javier García,666777888,4,arbol,787877
107,Software de contabilidad,7,9000,9,Elena Fernández,999000111,1,perro,2555
107,Software de contabilidad,7,9000,9,Elena Fernández,999000111,3,casa,12511
107,Software de contabilidad,7,9000,9,Elena Fernández,999000111,4,arbol,787877
107,Software de contabilidad,7,9000,10,David Torres,222333444,1,perro,2555
107,Software de contabilidad,7,9000,10,David Torres,222333444,3,casa,12511
107,Software de contabilidad,7,9000,10,David Torres,222333444,4,arbol,787877
107,Software de contabilidad,7,9000,11,Sara Gómez,555666777,1,perro,2555
107,Software de contabilidad,7,9000,11,Sara Gómez,555666777,3,casa,12511
107,Software de contabilidad,7,9000,11,Sara Gómez,555666777,4,arbol,787877
107,Software de contabilidad,7,9000,12,Miguel Pérez,888999000,1,perro,2555
107,Software de contabilidad,7,9000,12,Miguel Pérez,888999000,3,casa,12511
107,Software de contabilidad,7,9000,12,Miguel Pérez,888999000,4,arbol,787877
107,Software de contabilidad,7,9000,13,Paula Rodríguez,111222333,1,perro,2555
107,Software de contabilidad,7,9000,13,Paula Rodríguez,111222333,3,casa,12511
107,Software de contabilidad,7,9000,13,Paula Rodríguez,111222333,4,arbol,787877
107,Software de contabilidad,7,9000,14,Daniel López,444555666,1,perro,2555
107,Software de contabilidad,7,9000,14,Daniel López,444555666,3,casa,12511
107,Software de contabilidad,7,9000,14,Daniel López,444555666,4,arbol,787877
107,Software de contabilidad,7,9000,15,Carmen Martínez,777888999,1,perro,2555
107,Software de contabilidad,7,9000,15,Carmen Martínez,777888999,3,casa,12511
107,Software de contabilidad,7,9000,15,Carmen Martínez,777888999,4,arbol,787877
107,Software de contabilidad,7,9000,16,Alejandro Ruiz,000111222,1,perro,2555
107,Software de contabilidad,7,9000,16,Alejandro Ruiz,000111222,3,casa,12511
107,Software de contabilidad,7,9000,16,Alejandro Ruiz,000111222,4,arbol,787877
108,Sistema operativo para dispositivos IoT,8,18000,1,Juan Pérez,123456789,1,perro,2555
108,Sistema operativo para dispositivos IoT,8,18000,1,Juan Pérez,123456789,3,casa,12511
108,Sistema operativo para dispositivos IoT,8,18000,1,Juan Pérez,123456789,4,arbol,787877
108,Sistema operativo para dispositivos IoT,8,18000,2,María González,987654321,1,perro,2555
108,Sistema operativo para dispositivos IoT,8,18000,2,María González,987654321,3,casa,12511
108,Sistema operativo para dispositivos IoT,8,18000,2,María González,987654321,4,arbol,787877
108,Sistema operativo para dispositivos IoT,8,18000,3,Pedro Ramirez,555555555,1,perro,2555
108,Sistema operativo para dispositivos IoT,8,18000,3,Pedro Ramirez,555555555,3,casa,12511
108,Sistema operativo para dispositivos IoT,8,18000,3,Pedro Ramirez,555555555,4,arbol,787877
108,Sistema operativo para dispositivos IoT,8,18000,4,Laura Martínez,111222333,1,perro,2555
108,Sistema operativo para dispositivos IoT,8,18000,4,Laura Martínez,111222333,3,casa,12511
108,Sistema operativo para dispositivos IoT,8,18000,4,Laura Martínez,111222333,4,arbol,787877
108,Sistema operativo para dispositivos IoT,8,18000,5,Carlos López,444555666,1,perro,2555
108,Sistema operativo para dispositivos IoT,8,18000,5,Carlos López,444555666,3,casa,12511
108,Sistema operativo para dispositivos IoT,8,18000,5,Carlos López,444555666,4,arbol,787877
108,Sistema operativo para dispositivos IoT,8,18000,6,Ana Rodríguez,777888999,1,perro,2555
108,Sistema operativo para dispositivos IoT,8,18000,6,Ana Rodríguez,777888999,3,casa,12511
108,Sistema operativo para dispositivos IoT,8,18000,6,Ana Rodríguez,777888999,4,arbol,787877
108,Sistema operativo para dispositivos IoT,8,18000,7,Luisa Sánchez,333444555,1,perro,2555
108,Sistema operativo para dispositivos IoT,8,18000,7,Luisa Sánchez,333444555,3,casa,12511
108,Sistema operativo para dispositivos IoT,8,18000,7,Luisa Sánchez,333444555,4,arbol,787877
108,Sistema operativo para dispositivos IoT,8,18000,8,Javier García,666777888,1,perro,2555
108,Sistema operativo para dispositivos IoT,8,18000,8,Javier García,666777888,3,casa,12511
108,Sistema operativo para dispositivos IoT,8,18000,8,Javier García,666777888,4,arbol,787877
108,Sistema operativo para dispositivos IoT,8,18000,9,Elena Fernández,999000111,1,perro,2555
108,Sistema operativo para dispositivos IoT,8,18000,9,Elena Fernández,999000111,3,casa,12511
108,Sistema operativo para dispositivos IoT,8,18000,9,Elena Fernández,999000111,4,arbol,787877
108,Sistema operativo para dispositivos IoT,8,18000,10,David Torres,222333444,1,perro,2555
108,Sistema operativo para dispositivos IoT,8,18000,10,David Torres,222333444,3,casa,12511
108,Sistema operativo para dispositivos IoT,8,18000,10,David Torres,222333444,4,arbol,787877
108,Sistema operativo para dispositivos IoT,8,18000,11,Sara Gómez,555666777,1,perro,2555
108,Sistema operativo para dispositivos IoT,8,18000,11,Sara Gómez,555666777,3,casa,12511
108,Sistema operativo para dispositivos IoT,8,18000,11,Sara Gómez,555666777,4,arbol,787877
108,Sistema operativo para dispositivos IoT,8,18000,12,Miguel Pérez,888999000,1,perro,2555
108,Sistema operativo para dispositivos IoT,8,18000,12,Miguel Pérez,888999000,3,casa,12511
108,Sistema operativo para dispositivos IoT,8,18000,12,Miguel Pérez,888999000,4,arbol,787877
108,Sistema operativo para dispositivos IoT,8,18000,13,Paula Rodríguez,111222333,1,perro,2555
108,Sistema operativo para dispositivos IoT,8,18000,13,Paula Rodríguez,111222333,3,casa,12511
108,Sistema operativo para dispositivos IoT,8,18000,13,Paula Rodríguez,111222333,4,arbol,787877
108,Sistema operativo para dispositivos IoT,8,18000,14,Daniel López,444555666,1,perro,2555
108,Sistema operativo para dispositivos IoT,8,18000,14,Daniel López,444555666,3,casa,12511
108,Sistema operativo para dispositivos IoT,8,18000,14,Daniel López,444555666,4,arbol,787877
108,Sistema operativo para dispositivos IoT,8,18000,15,Carmen Martínez,777888999,1,perro,2555
108,Sistema operativo para dispositivos IoT,8,18000,15,Carmen Martínez,777888999,3,casa,12511
108,Sistema operativo para dispositivos IoT,8,18000,15,Carmen Martínez,777888999,4,arbol,787877
108,Sistema operativo para dispositivos IoT,8,18000,16,Alejandro Ruiz,000111222,1,perro,2555
108,Sistema operativo para dispositivos IoT,8,18000,16,Alejandro Ruiz,000111222,3,casa,12511
108,Sistema operativo para dispositivos IoT,8,18000,16,Alejandro Ruiz,000111222,4,arbol,787877
109,Red social profesional,9,8500,1,Juan Pérez,123456789,1,perro,2555
109,Red social profesional,9,8500,1,Juan Pérez,123456789,3,casa,12511
109,Red social profesional,9,8500,1,Juan Pérez,123456789,4,arbol,787877
109,Red social profesional,9,8500,2,María González,987654321,1,perro,2555
109,Red social profesional,9,8500,2,María González,987654321,3,casa,12511
109,Red social profesional,9,8500,2,María González,987654321,4,arbol,787877
109,Red social profesional,9,8500,3,Pedro Ramirez,555555555,1,perro,2555
109,Red social profesional,9,8500,3,Pedro Ramirez,555555555,3,casa,12511
109,Red social profesional,9,8500,3,Pedro Ramirez,555555555,4,arbol,787877
109,Red social profesional,9,8500,4,Laura Martínez,111222333,1,perro,2555
109,Red social profesional,9,8500,4,Laura Martínez,111222333,3,casa,12511
109,Red social profesional,9,8500,4,Laura Martínez,111222333,4,arbol,787877
109,Red social profesional,9,8500,5,Carlos López,444555666,1,perro,2555
109,Red social profesional,9,8500,5,Carlos López,444555666,3,casa,12511
109,Red social profesional,9,8500,5,Carlos López,444555666,4,arbol,787877
109,Red social profesional,9,8500,6,Ana Rodríguez,777888999,1,perro,2555
109,Red social profesional,9,8500,6,Ana Rodríguez,777888999,3,casa,12511
109,Red social profesional,9,8500,6,Ana Rodríguez,777888999,4,arbol,787877
109,Red social profesional,9,8500,7,Luisa Sánchez,333444555,1,perro,2555
109,Red social profesional,9,8500,7,Luisa Sánchez,333444555,3,casa,12511
109,Red social profesional,9,8500,7,Luisa Sánchez,333444555,4,arbol,787877
109,Red social profesional,9,8500,8,Javier García,666777888,1,perro,2555
109,Red social profesional,9,8500,8,Javier García,666777888,3,casa,12511
109,Red social profesional,9,8500,8,Javier García,666777888,4,arbol,787877
109,Red social profesional,9,8500,9,Elena Fernández,999000111,1,perro,2555
109,Red social profesional,9,8500,9,Elena Fernández,999000111,3,casa,12511
109,Red social profesional,9,8500,9,Elena Fernández,999000111,4,arbol,787877
109,Red social profesional,9,8500,10,David Torres,222333444,1,perro,2555
109,Red social profesional,9,8500,10,David Torres,222333444,3,casa,12511
109,Red social profesional,9,8500,10,David Torres,222333444,4,arbol,787877
109,Red social profesional,9,8500,11,Sara Gómez,555666777,1,perro,2555
109,Red social profesional,9,8500,11,Sara Gómez,555666777,3,casa,12511
109,Red social profesional,9,8500,11,Sara Gómez,555666777,4,arbol,787877
109,Red social profesional,9,8500,12,Miguel Pérez,888999000,1,perro,2555
109,Red social profesional,9,8500,12,Miguel Pérez,888999000,3,casa,12511
109,Red social profesional,9,8500,12,Miguel Pérez,888999000,4,arbol,787877
109,Red social profesional,9,8500,13,Paula Rodríguez,111222333,1,perro,2555
109,Red social profesional,9,8500,13,Paula Rodríguez,111222333,3,casa,12511
109,Red social profesional,9,8500,13,Paula Rodríguez,111222333,4,arbol,787877
109,Red social profesional,9,8500,14,Daniel López,444555666,1,perro,2555
109,Red social profesional,9,8500,14,Daniel López,444555666,3,casa,12511
109,Red social profesional,9,8500,14,Daniel López,444555666,4,arbol,787877
109,Red social profesional,9,8500,15,Carmen Martínez,777888999,1,perro,2555
109,Red social profesional,9,8500,15,Carmen Martínez,777888999,3,casa,12511
109,Red social profesional,9,8500,15,Carmen Martínez,777888999,4,arbol,787877
109,Red social profesional,9,8500,16,Alejandro Ruiz,000111222,1,perro,2555
109,Red social profesional,9,8500,16,Alejandro Ruiz,000111222,3,casa,12511
109,Red social profesional,9,8500,16,Alejandro Ruiz,000111222,4,arbol,787877
110,Aplicación de mensajería encriptada,10,9500,1,Juan Pérez,123456789,1,perro,2555
110,Aplicación de mensajería encriptada,10,9500,1,Juan Pérez,123456789,3,casa,12511
110,Aplicación de mensajería encriptada,10,9500,1,Juan Pérez,123456789,4,arbol,787877
110,Aplicación de mensajería encriptada,10,9500,2,María González,987654321,1,perro,2555
110,Aplicación de mensajería encriptada,10,9500,2,María González,987654321,3,casa,12511
110,Aplicación de mensajería encriptada,10,9500,2,María González,987654321,4,arbol,787877
110,Aplicación de mensajería encriptada,10,9500,3,Pedro Ramirez,555555555,1,perro,2555
110,Aplicación de mensajería encriptada,10,9500,3,Pedro Ramirez,555555555,3,casa,12511
110,Aplicación de mensajería encriptada,10,9500,3,Pedro Ramirez,555555555,4,arbol,787877
110,Aplicación de mensajería encriptada,10,9500,4,Laura Martínez,111222333,1,perro,2555
110,Aplicación de mensajería encriptada,10,9500,4,Laura Martínez,111222333,3,casa,12511
110,Aplicación de mensajería encriptada,10,9500,4,Laura Martínez,111222333,4,arbol,787877
110,Aplicación de mensajería encriptada,10,9500,5,Carlos López,444555666,1,perro,2555
110,Aplicación de mensajería encriptada,10,9500,5,Carlos López,444555666,3,casa,12511
110,Aplicación de mensajería encriptada,10,9500,5,Carlos López,444555666,4,arbol,787877
110,Aplicación de mensajería encriptada,10,9500,6,Ana Rodríguez,777888999,1,perro,2555
110,Aplicación de mensajería encriptada,10,9500,6,Ana Rodríguez,777888999,3,casa,12511
110,Aplicación de mensajería encriptada,10,9500,6,Ana Rodríguez,777888999,4,arbol,787877
110,Aplicación de mensajería encriptada,10,9500,7,Luisa Sánchez,333444555,1,perro,2555
110,Aplicación de mensajería encriptada,10,9500,7,Luisa Sánchez,333444555,3,casa,12511
110,Aplicación de mensajería encriptada,10,9500,7,Luisa Sánchez,333444555,4,arbol,787877
110,Aplicación de mensajería encriptada,10,9500,8,Javier García,666777888,1,perro,2555
110,Aplicación de mensajería encriptada,10,9500,8,Javier García,666777888,3,casa,12511
110,Aplicación de mensajería encriptada,10,9500,8,Javier García,666777888,4,arbol,787877
110,Aplicación de mensajería encriptada,10,9500,9,Elena Fernández,999000111,1,perro,2555
110,Aplicación de mensajería encriptada,10,9500,9,Elena Fernández,999000111,3,casa,12511
110,Aplicación de mensajería encriptada,10,9500,9,Elena Fernández,999000111,4,arbol,787877
110,Aplicación de mensajería encriptada,10,9500,10,David Torres,222333444,1,perro,2555
110,Aplicación de mensajería encriptada,10,9500,10,David Torres,222333444,3,casa,12511
110,Aplicación de mensajería encriptada,10,9500,10,David Torres,222333444,4,arbol,787877
110,Aplicación de mensajería encriptada,10,9500,11,Sara Gómez,555666777,1,perro,2555
110,Aplicación de mensajería encriptada,10,9500,11,Sara Gómez,555666777,3,casa,12511
110,Aplicación de mensajería encriptada,10,9500,11,Sara Gómez,555666777,4,arbol,787877
110,Aplicación de mensajería encriptada,10,9500,12,Miguel Pérez,888999000,1,perro,2555
110,Aplicación de mensajería encriptada,10,9500,12,Miguel Pérez,888999000,3,casa,12511
110,Aplicación de mensajería encriptada,10,9500,12,Miguel Pérez,888999000,4,arbol,787877
110,Aplicación de mensajería encriptada,10,9500,13,Paula Rodríguez,111222333,1,perro,2555
110,Aplicación de mensajería encriptada,10,9500,13,Paula Rodríguez,111222333,3,casa,12511
110,Aplicación de mensajería encriptada,10,9500,13,Paula Rodríguez,111222333,4,arbol,787877
110,Aplicación de mensajería encriptada,10,9500,14,Daniel López,444555666,1,perro,2555
110,Aplicación de mensajería encriptada,10,9500,14,Daniel López,444555666,3,casa,12511
110,Aplicación de mensajería encriptada,10,9500,14,Daniel López,444555666,4,arbol,787877
110,Aplicación de mensajería encriptada,10,9500,15,Carmen Martínez,777888999,1,perro,2555
110,Aplicación de mensajería encriptada,10,9500,15,Carmen Martínez,777888999,3,casa,12511
110,Aplicación de mensajería encriptada,10,9500,15,Carmen Martínez,777888999,4,arbol,787877
110,Aplicación de mensajería encriptada,10,9500,16,Alejandro Ruiz,000111222,1,perro,2555
110,Aplicación de mensajería encriptada,10,9500,16,Alejandro Ruiz,000111222,3,casa,12511
110,Aplicación de mensajería encriptada,10,9500,16,Alejandro Ruiz,000111222,4,arbol,787877
111,Herramienta de desarrollo colaborativo,11,10500,1,Juan Pérez,123456789,1,perro,2555
111,Herramienta de desarrollo colaborativo,11,10500,1,Juan Pérez,123456789,3,casa,12511
111,Herramienta de desarrollo colaborativo,11,10500,1,Juan Pérez,123456789,4,arbol,787877
111,Herramienta de desarrollo colaborativo,11,10500,2,María González,987654321,1,perro,2555
111,Herramienta de desarrollo colaborativo,11,10500,2,María González,987654321,3,casa,12511
111,Herramienta de desarrollo colaborativo,11,10500,2,María González,987654321,4,arbol,787877
111,Herramienta de desarrollo colaborativo,11,10500,3,Pedro Ramirez,555555555,1,perro,2555
111,Herramienta de desarrollo colaborativo,11,10500,3,Pedro Ramirez,555555555,3,casa,12511
111,Herramienta de desarrollo colaborativo,11,10500,3,Pedro Ramirez,555555555,4,arbol,787877
111,Herramienta de desarrollo colaborativo,11,10500,4,Laura Martínez,111222333,1,perro,2555
111,Herramienta de desarrollo colaborativo,11,10500,4,Laura Martínez,111222333,3,casa,12511
111,Herramienta de desarrollo colaborativo,11,10500,4,Laura Martínez,111222333,4,arbol,787877
111,Herramienta de desarrollo colaborativo,11,10500,5,Carlos López,444555666,1,perro,2555
111,Herramienta de desarrollo colaborativo,11,10500,5,Carlos López,444555666,3,casa,12511
111,Herramienta de desarrollo colaborativo,11,10500,5,Carlos López,444555666,4,arbol,787877
111,Herramienta de desarrollo colaborativo,11,10500,6,Ana Rodríguez,777888999,1,perro,2555
111,Herramienta de desarrollo colaborativo,11,10500,6,Ana Rodríguez,777888999,3,casa,12511
111,Herramienta de desarrollo colaborativo,11,10500,6,Ana Rodríguez,777888999,4,arbol,787877
111,Herramienta de desarrollo colaborativo,11,10500,7,Luisa Sánchez,333444555,1,perro,2555
111,Herramienta de desarrollo colaborativo,11,10500,7,Luisa Sánchez,333444555,3,casa,12511
111,Herramienta de desarrollo colaborativo,11,10500,7,Luisa Sánchez,333444555,4,arbol,787877
111,Herramienta de desarrollo colaborativo,11,10500,8,Javier García,666777888,1,perro,2555
111,Herramienta de desarrollo colaborativo,11,10500,8,Javier García,666777888,3,casa,12511
111,Herramienta de desarrollo colaborativo,11,10500,8,Javier García,666777888,4,arbol,787877
111,Herramienta de desarrollo colaborativo,11,10500,9,Elena Fernández,999000111,1,perro,2555
111,Herramienta de desarrollo colaborativo,11,10500,9,Elena Fernández,999000111,3,casa,12511
111,Herramienta de desarrollo colaborativo,11,10500,9,Elena Fernández,999000111,4,arbol,787877
111,Herramienta de desarrollo colaborativo,11,10500,10,David Torres,222333444,1,perro,2555
111,Herramienta de desarrollo colaborativo,11,10500,10,David Torres,222333444,3,casa,12511
111,Herramienta de desarrollo colaborativo,11,10500,10,David Torres,222333444,4,arbol,787877
111,Herramienta de desarrollo colaborativo,11,10500,11,Sara Gómez,555666777,1,perro,2555
111,Herramienta de desarrollo colaborativo,11,10500,11,Sara Gómez,555666777,3,casa,12511
111,Herramienta de desarrollo colaborativo,11,10500,11,Sara Gómez,555666777,4,arbol,787877
111,Herramienta de desarrollo colaborativo,11,10500,12,Miguel Pérez,888999000,1,perro,2555
111,Herramienta de desarrollo colaborativo,11,10500,12,Miguel Pérez,888999000,3,casa,12511
111,Herramienta de desarrollo colaborativo,11,10500,12,Miguel Pérez,888999000,4,arbol,787877
111,Herramienta de desarrollo colaborativo,11,10500,13,Paula Rodríguez,111222333,1,perro,2555
111,Herramienta de desarrollo colaborativo,11,10500,13,Paula Rodríguez,111222333,3,casa,12511
111,Herramienta de desarrollo colaborativo,11,10500,13,Paula Rodríguez,111222333,4,arbol,787877
111,Herramienta de desarrollo colaborativo,11,10500,14,Daniel López,444555666,1,perro,2555
111,Herramienta de desarrollo colaborativo,11,10500,14,Daniel López,444555666,3,casa,12511
111,Herramienta de desarrollo colaborativo,11,10500,14,Daniel López,444555666,4,arbol,787877
111,Herramienta de desarrollo colaborativo,11,10500,15,Carmen Martínez,777888999,1,perro,2555
111,Herramienta de desarrollo colaborativo,11,10500,15,Carmen Martínez,777888999,3,casa,12511
111,Herramienta de desarrollo colaborativo,11,10500,15,Carmen Martínez,777888999,4,arbol,787877
111,Herramienta de desarrollo colaborativo,11,10500,16,Alejandro Ruiz,000111222,1,perro,2555
111,Herramienta de desarrollo colaborativo,11,10500,16,Alejandro Ruiz,000111222,3,casa,12511
111,Herramienta de desarrollo colaborativo,11,10500,16,Alejandro Ruiz,000111222,4,arbol,787877
112,Sistema de gestión de clientes personalizado,12,12500,1,Juan Pérez,123456789,1,perro,2555
112,Sistema de gestión de clientes personalizado,12,12500,1,Juan Pérez,123456789,3,casa,12511
112,Sistema de gestión de clientes personalizado,12,12500,1,Juan Pérez,123456789,4,arbol,787877
112,Sistema de gestión de clientes personalizado,12,12500,2,María González,987654321,1,perro,2555
112,Sistema de gestión de clientes personalizado,12,12500,2,María González,987654321,3,casa,12511
112,Sistema de gestión de clientes personalizado,12,12500,2,María González,987654321,4,arbol,787877
112,Sistema de gestión de clientes personalizado,12,12500,3,Pedro Ramirez,555555555,1,perro,2555
112,Sistema de gestión de clientes personalizado,12,12500,3,Pedro Ramirez,555555555,3,casa,12511
112,Sistema de gestión de clientes personalizado,12,12500,3,Pedro Ramirez,555555555,4,arbol,787877
112,Sistema de gestión de clientes personalizado,12,12500,4,Laura Martínez,111222333,1,perro,2555
112,Sistema de gestión de clientes personalizado,12,12500,4,Laura Martínez,111222333,3,casa,12511
112,Sistema de gestión de clientes personalizado,12,12500,4,Laura Martínez,111222333,4,arbol,787877
112,Sistema de gestión de clientes personalizado,12,12500,5,Carlos López,444555666,1,perro,2555
112,Sistema de gestión de clientes personalizado,12,12500,5,Carlos López,444555666,3,casa,12511
112,Sistema de gestión de clientes personalizado,12,12500,5,Carlos López,444555666,4,arbol,787877
112,Sistema de gestión de clientes personalizado,12,12500,6,Ana Rodríguez,777888999,1,perro,2555
112,Sistema de gestión de clientes personalizado,12,12500,6,Ana Rodríguez,777888999,3,casa,12511
112,Sistema de gestión de clientes personalizado,12,12500,6,Ana Rodríguez,777888999,4,arbol,787877
112,Sistema de gestión de clientes personalizado,12,12500,7,Luisa Sánchez,333444555,1,perro,2555
112,Sistema de gestión de clientes personalizado,12,12500,7,Luisa Sánchez,333444555,3,casa,12511
112,Sistema de gestión de clientes personalizado,12,12500,7,Luisa Sánchez,333444555,4,arbol,787877
112,Sistema de gestión de clientes personalizado,12,12500,8,Javier García,666777888,1,perro,2555
112,Sistema de gestión de clientes personalizado,12,12500,8,Javier García,666777888,3,casa,12511
112,Sistema de gestión de clientes personalizado,12,12500,8,Javier García,666777888,4,arbol,787877
112,Sistema de gestión de clientes personalizado,12,12500,9,Elena Fernández,999000111,1,perro,2555
112,Sistema de gestión de clientes personalizado,12,12500,9,Elena Fernández,999000111,3,casa,12511
112,Sistema de gestión de clientes personalizado,12,12500,9,Elena Fernández,999000111,4,arbol,787877
112,Sistema de gestión de clientes personalizado,12,12500,10,David Torres,222333444,1,perro,2555
112,Sistema de gestión de clientes personalizado,12,12500,10,David Torres,222333444,3,casa,12511
112,Sistema de gestión de clientes personalizado,12,12500,10,David Torres,222333444,4,arbol,787877
112,Sistema de gestión de clientes personalizado,12,12500,11,Sara Gómez,555666777,1,perro,2555
112,Sistema de gestión de clientes personalizado,12,12500,11,Sara Gómez,555666777,3,casa,12511
112,Sistema de gestión de clientes personalizado,12,12500,11,Sara Gómez,555666777,4,arbol,787877
112,Sistema de gestión de clientes personalizado,12,12500,12,Miguel Pérez,888999000,1,perro,2555
112,Sistema de gestión de clientes personalizado,12,12500,12,Miguel Pérez,888999000,3,casa,12511
112,Sistema de gestión de clientes personalizado,12,12500,12,Miguel Pérez,888999000,4,arbol,787877
112,Sistema de gestión de clientes personalizado,12,12500,13,Paula Rodríguez,111222333,1,perro,2555
112,Sistema de gestión de clientes personalizado,12,12500,13,Paula Rodríguez,111222333,3,casa,12511
112,Sistema de gestión de clientes personalizado,12,12500,13,Paula Rodríguez,111222333,4,arbol,787877
112,Sistema de gestión de clientes personalizado,12,12500,14,Daniel López,444555666,1,perro,2555
112,Sistema de gestión de clientes personalizado,12,12500,14,Daniel López,444555666,3,casa,12511
112,Sistema de gestión de clientes personalizado,12,12500,14,Daniel López,444555666,4,arbol,787877
112,Sistema de gestión de clientes personalizado,12,12500,15,Carmen Martínez,777888999,1,perro,2555
112,Sistema de gestión de clientes personalizado,12,12500,15,Carmen Martínez,777888999,3,casa,12511
112,Sistema de gestión de clientes personalizado,12,12500,15,Carmen Martínez,777888999,4,arbol,787877
112,Sistema de gestión de clientes personalizado,12,12500,16,Alejandro Ruiz,000111222,1,perro,2555
112,Sistema de gestión de clientes personalizado,12,12500,16,Alejandro Ruiz,000111222,3,casa,12511
112,Sistema de gestión de clientes personalizado,12,12500,16,Alejandro Ruiz,000111222,4,arbol,787877
113,App de reserva de citas médicas,13,8000,1,Juan Pérez,123456789,1,perro,2555
113,App de reserva de citas médicas,13,8000,1,Juan Pérez,123456789,3,casa,12511
113,App de reserva de citas médicas,13,8000,1,Juan Pérez,123456789,4,arbol,787877
113,App de reserva de citas médicas,13,8000,2,María González,987654321,1,perro,2555
113,App de reserva de citas médicas,13,8000,2,María González,987654321,3,casa,12511
113,App de reserva de citas médicas,13,8000,2,María González,987654321,4,arbol,787877
113,App de reserva de citas médicas,13,8000,3,Pedro Ramirez,555555555,1,perro,2555
113,App de reserva de citas médicas,13,8000,3,Pedro Ramirez,555555555,3,casa,12511
113,App de reserva de citas médicas,13,8000,3,Pedro Ramirez,555555555,4,arbol,787877
113,App de reserva de citas médicas,13,8000,4,Laura Martínez,111222333,1,perro,2555
113,App de reserva de citas médicas,13,8000,4,Laura Martínez,111222333,3,casa,12511
113,App de reserva de citas médicas,13,8000,4,Laura Martínez,111222333,4,arbol,787877
113,App de reserva de citas médicas,13,8000,5,Carlos López,444555666,1,perro,2555
113,App de reserva de citas médicas,13,8000,5,Carlos López,444555666,3,casa,12511
113,App de reserva de citas médicas,13,8000,5,Carlos López,444555666,4,arbol,787877
113,App de reserva de citas médicas,13,8000,6,Ana Rodríguez,777888999,1,perro,2555
113,App de reserva de citas médicas,13,8000,6,Ana Rodríguez,777888999,3,casa,12511
113,App de reserva de citas médicas,13,8000,6,Ana Rodríguez,777888999,4,arbol,787877
113,App de reserva de citas médicas,13,8000,7,Luisa Sánchez,333444555,1,perro,2555
113,App de reserva de citas médicas,13,8000,7,Luisa Sánchez,333444555,3,casa,12511
113,App de reserva de citas médicas,13,8000,7,Luisa Sánchez,333444555,4,arbol,787877
113,App de reserva de citas médicas,13,8000,8,Javier García,666777888,1,perro,2555
113,App de reserva de citas médicas,13,8000,8,Javier García,666777888,3,casa,12511
113,App de reserva de citas médicas,13,8000,8,Javier García,666777888,4,arbol,787877
113,App de reserva de citas médicas,13,8000,9,Elena Fernández,999000111,1,perro,2555
113,App de reserva de citas médicas,13,8000,9,Elena Fernández,999000111,3,casa,12511
113,App de reserva de citas médicas,13,8000,9,Elena Fernández,999000111,4,arbol,787877
113,App de reserva de citas médicas,13,8000,10,David Torres,222333444,1,perro,2555
113,App de reserva de citas médicas,13,8000,10,David Torres,222333444,3,casa,12511
113,App de reserva de citas médicas,13,8000,10,David Torres,222333444,4,arbol,787877
113,App de reserva de citas médicas,13,8000,11,Sara Gómez,555666777,1,perro,2555
113,App de reserva de citas médicas,13,8000,11,Sara Gómez,555666777,3,casa,12511
113,App de reserva de citas médicas,13,8000,11,Sara Gómez,555666777,4,arbol,787877
113,App de reserva de citas médicas,13,8000,12,Miguel Pérez,888999000,1,perro,2555
113,App de reserva de citas médicas,13,8000,12,Miguel Pérez,888999000,3,casa,12511
113,App de reserva de citas médicas,13,8000,12,Miguel Pérez,888999000,4,arbol,787877
113,App de reserva de citas médicas,13,8000,13,Paula Rodríguez,111222333,1,perro,2555
113,App de reserva de citas médicas,13,8000,13,Paula Rodríguez,111222333,3,casa,12511
113,App de reserva de citas médicas,13,8000,13,Paula Rodríguez,111222333,4,arbol,787877
113,App de reserva de citas médicas,13,8000,14,Daniel López,444555666,1,perro,2555
113,App de reserva de citas médicas,13,8000,14,Daniel López,444555666,3,casa,12511
113,App de reserva de citas médicas,13,8000,14,Daniel López,444555666,4,arbol,787877
113,App de reserva de citas médicas,13,8000,15,Carmen Martínez,777888999,1,perro,2555
113,App de reserva de citas médicas,13,8000,15,Carmen Martínez,777888999,3,casa,12511
113,App de reserva de citas médicas,13,8000,15,Carmen Martínez,777888999,4,arbol,787877
113,App de reserva de citas médicas,13,8000,16,Alejandro Ruiz,000111222,1,perro,2555
113,App de reserva de citas médicas,13,8000,16,Alejandro Ruiz,000111222,3,casa,12511
113,App de reserva de citas médicas,13,8000,16,Alejandro Ruiz,000111222,4,arbol,787877
114,Plataforma de e-learning interactiva,14,11000,1,Juan Pérez,123456789,1,perro,2555
114,Plataforma de e-learning interactiva,14,11000,1,Juan Pérez,123456789,3,casa,12511
114,Plataforma de e-learning interactiva,14,11000,1,Juan Pérez,123456789,4,arbol,787877
114,Plataforma de e-learning interactiva,14,11000,2,María González,987654321,1,perro,2555
114,Plataforma de e-learning interactiva,14,11000,2,María González,987654321,3,casa,12511
114,Plataforma de e-learning interactiva,14,11000,2,María González,987654321,4,arbol,787877
114,Plataforma de e-learning interactiva,14,11000,3,Pedro Ramirez,555555555,1,perro,2555
114,Plataforma de e-learning interactiva,14,11000,3,Pedro Ramirez,555555555,3,casa,12511
114,Plataforma de e-learning interactiva,14,11000,3,Pedro Ramirez,555555555,4,arbol,787877
114,Plataforma de e-learning interactiva,14,11000,4,Laura Martínez,111222333,1,perro,2555
114,Plataforma de e-learning interactiva,14,11000,4,Laura Martínez,111222333,3,casa,12511
114,Plataforma de e-learning interactiva,14,11000,4,Laura Martínez,111222333,4,arbol,787877
114,Plataforma de e-learning interactiva,14,11000,5,Carlos López,444555666,1,perro,2555
114,Plataforma de e-learning interactiva,14,11000,5,Carlos López,444555666,3,casa,12511
114,Plataforma de e-learning interactiva,14,11000,5,Carlos López,444555666,4,arbol,787877
114,Plataforma de e-learning interactiva,14,11000,6,Ana Rodríguez,777888999,1,perro,2555
114,Plataforma de e-learning interactiva,14,11000,6,Ana Rodríguez,777888999,3,casa,12511
114,Plataforma de e-learning interactiva,14,11000,6,Ana Rodríguez,777888999,4,arbol,787877
114,Plataforma de e-learning interactiva,14,11000,7,Luisa Sánchez,333444555,1,perro,2555
114,Plataforma de e-learning interactiva,14,11000,7,Luisa Sánchez,333444555,3,casa,12511
114,Plataforma de e-learning interactiva,14,11000,7,Luisa Sánchez,333444555,4,arbol,787877
114,Plataforma de e-learning interactiva,14,11000,8,Javier García,666777888,1,perro,2555
114,Plataforma de e-learning interactiva,14,11000,8,Javier García,666777888,3,casa,12511
114,Plataforma de e-learning interactiva,14,11000,8,Javier García,666777888,4,arbol,787877
114,Plataforma de e-learning interactiva,14,11000,9,Elena Fernández,999000111,1,perro,2555
114,Plataforma de e-learning interactiva,14,11000,9,Elena Fernández,999000111,3,casa,12511
114,Plataforma de e-learning interactiva,14,11000,9,Elena Fernández,999000111,4,arbol,787877
114,Plataforma de e-learning interactiva,14,11000,10,David Torres,222333444,1,perro,2555
114,Plataforma de e-learning interactiva,14,11000,10,David Torres,222333444,3,casa,12511
114,Plataforma de e-learning interactiva,14,11000,10,David Torres,222333444,4,arbol,787877
114,Plataforma de e-learning interactiva,14,11000,11,Sara Gómez,555666777,1,perro,2555
114,Plataforma de e-learning interactiva,14,11000,11,Sara Gómez,555666777,3,casa,12511
114,Plataforma de e-learning interactiva,14,11000,11,Sara Gómez,555666777,4,arbol,787877
114,Plataforma de e-learning interactiva,14,11000,12,Miguel Pérez,888999000,1,perro,2555
114,Plataforma de e-learning interactiva,14,11000,12,Miguel Pérez,888999000,3,casa,12511
114,Plataforma de e-learning interactiva,14,11000,12,Miguel Pérez,888999000,4,arbol,787877
114,Plataforma de e-learning interactiva,14,11000,13,Paula Rodríguez,111222333,1,perro,2555
114,Plataforma de e-learning interactiva,14,11000,13,Paula Rodríguez,111222333,3,casa,12511
114,Plataforma de e-learning interactiva,14,11000,13,Paula Rodríguez,111222333,4,arbol,787877
114,Plataforma de e-learning interactiva,14,11000,14,Daniel López,444555666,1,perro,2555
114,Plataforma de e-learning interactiva,14,11000,14,Daniel López,444555666,3,casa,12511
114,Plataforma de e-learning interactiva,14,11000,14,Daniel López,444555666,4,arbol,787877
114,Plataforma de e-learning interactiva,14,11000,15,Carmen Martínez,777888999,1,perro,2555
114,Plataforma de e-learning interactiva,14,11000,15,Carmen Martínez,777888999,3,casa,12511
114,Plataforma de e-learning interactiva,14,11000,15,Carmen Martínez,777888999,4,arbol,787877
114,Plataforma de e-learning interactiva,14,11000,16,Alejandro Ruiz,000111222,1,perro,2555
114,Plataforma de e-learning interactiva,14,11000,16,Alejandro Ruiz,000111222,3,casa,12511
114,Plataforma de e-learning interactiva,14,11000,16,Alejandro Ruiz,000111222,4,arbol,787877
115,Sistema de control de versiones Git,15,9500,1,Juan Pérez,123456789,1,perro,2555
115,Sistema de control de versiones Git,15,9500,1,Juan Pérez,123456789,3,casa,12511
115,Sistema de control de versiones Git,15,9500,1,Juan Pérez,123456789,4,arbol,787877
115,Sistema de control de versiones Git,15,9500,2,María González,987654321,1,perro,2555
115,Sistema de control de versiones Git,15,9500,2,María González,987654321,3,casa,12511
115,Sistema de control de versiones Git,15,9500,2,María González,987654321,4,arbol,787877
115,Sistema de control de versiones Git,15,9500,3,Pedro Ramirez,555555555,1,perro,2555
115,Sistema de control de versiones Git,15,9500,3,Pedro Ramirez,555555555,3,casa,12511
115,Sistema de control de versiones Git,15,9500,3,Pedro Ramirez,555555555,4,arbol,787877
115,Sistema de control de versiones Git,15,9500,4,Laura Martínez,111222333,1,perro,2555
115,Sistema de control de versiones Git,15,9500,4,Laura Martínez,111222333,3,casa,12511
115,Sistema de control de versiones Git,15,9500,4,Laura Martínez,111222333,4,arbol,787877
115,Sistema de control de versiones Git,15,9500,5,Carlos López,444555666,1,perro,2555
115,Sistema de control de versiones Git,15,9500,5,Carlos López,444555666,3,casa,12511
115,Sistema de control de versiones Git,15,9500,5,Carlos López,444555666,4,arbol,787877
115,Sistema de control de versiones Git,15,9500,6,Ana Rodríguez,777888999,1,perro,2555
115,Sistema de control de versiones Git,15,9500,6,Ana Rodríguez,777888999,3,casa,12511
115,Sistema de control de versiones Git,15,9500,6,Ana Rodríguez,777888999,4,arbol,787877
115,Sistema de control de versiones Git,15,9500,7,Luisa Sánchez,333444555,1,perro,2555
115,Sistema de control de versiones Git,15,9500,7,Luisa Sánchez,333444555,3,casa,12511
115,Sistema de control de versiones Git,15,9500,7,Luisa Sánchez,333444555,4,arbol,787877
115,Sistema de control de versiones Git,15,9500,8,Javier García,666777888,1,perro,2555
115,Sistema de control de versiones Git,15,9500,8,Javier García,666777888,3,casa,12511
115,Sistema de control de versiones Git,15,9500,8,Javier García,666777888,4,arbol,787877
115,Sistema de control de versiones Git,15,9500,9,Elena Fernández,999000111,1,perro,2555
115,Sistema de control de versiones Git,15,9500,9,Elena Fernández,999000111,3,casa,12511
115,Sistema de control de versiones Git,15,9500,9,Elena Fernández,999000111,4,arbol,787877
115,Sistema de control de versiones Git,15,9500,10,David Torres,222333444,1,perro,2555
115,Sistema de control de versiones Git,15,9500,10,David Torres,222333444,3,casa,12511
115,Sistema de control de versiones Git,15,9500,10,David Torres,222333444,4,arbol,787877
115,Sistema de control de versiones Git,15,9500,11,Sara Gómez,555666777,1,perro,2555
115,Sistema de control de versiones Git,15,9500,11,Sara Gómez,555666777,3,casa,12511
115,Sistema de control de versiones Git,15,9500,11,Sara Gómez,555666777,4,arbol,787877
115,Sistema de control de versiones Git,15,9500,12,Miguel Pérez,888999000,1,perro,2555
115,Sistema de control de versiones Git,15,9500,12,Miguel Pérez,888999000,3,casa,12511
115,Sistema de control de versiones Git,15,9500,12,Miguel Pérez,888999000,4,arbol,787877
115,Sistema de control de versiones Git,15,9500,13,Paula Rodríguez,111222333,1,perro,2555
115,Sistema de control de versiones Git,15,9500,13,Paula Rodríguez,111222333,3,casa,12511
115,Sistema de control de versiones Git,15,9500,13,Paula Rodríguez,111222333,4,arbol,787877
115,Sistema de control de versiones Git,15,9500,14,Daniel López,444555666,1,perro,2555
115,Sistema de control de versiones Git,15,9500,14,Daniel López,444555666,3,casa,12511
115,Sistema de control de versiones Git,15,9500,14,Daniel López,444555666,4,arbol,787877
115,Sistema de control de versiones Git,15,9500,15,Carmen Martínez,777888999,1,perro,2555
115,Sistema de control de versiones Git,15,9500,15,Carmen Martínez,777888999,3,casa,12511
115,Sistema de control de versiones Git,15,9500,15,Carmen Martínez,777888999,4,arbol,787877
115,Sistema de control de versiones Git,15,9500,16,Alejandro Ruiz,000111222,1,perro,2555
115,Sistema de control de versiones Git,15,9500,16,Alejandro Ruiz,000111222,3,casa,12511
115,Sistema de control de versiones Git,15,9500,16,Alejandro Ruiz,000111222,4,arbol,787877
116,Software de diseño gráfico vectorial,16,13500,1,Juan Pérez,123456789,1,perro,2555
116,Software de diseño gráfico vectorial,16,13500,1,Juan Pérez,123456789,3,casa,12511
116,Software de diseño gráfico vectorial,16,13500,1,Juan Pérez,123456789,4,arbol,787877
116,Software de diseño gráfico vectorial,16,13500,2,María González,987654321,1,perro,2555
116,Software de diseño gráfico vectorial,16,13500,2,María González,987654321,3,casa,12511
116,Software de diseño gráfico vectorial,16,13500,2,María González,987654321,4,arbol,787877
116,Software de diseño gráfico vectorial,16,13500,3,Pedro Ramirez,555555555,1,perro,2555
116,Software de diseño gráfico vectorial,16,13500,3,Pedro Ramirez,555555555,3,casa,12511
116,Software de diseño gráfico vectorial,16,13500,3,Pedro Ramirez,555555555,4,arbol,787877
116,Software de diseño gráfico vectorial,16,13500,4,Laura Martínez,111222333,1,perro,2555
116,Software de diseño gráfico vectorial,16,13500,4,Laura Martínez,111222333,3,casa,12511
116,Software de diseño gráfico vectorial,16,13500,4,Laura Martínez,111222333,4,arbol,787877
116,Software de diseño gráfico vectorial,16,13500,5,Carlos López,444555666,1,perro,2555
116,Software de diseño gráfico vectorial,16,13500,5,Carlos López,444555666,3,casa,12511
116,Software de diseño gráfico vectorial,16,13500,5,Carlos López,444555666,4,arbol,787877
116,Software de diseño gráfico vectorial,16,13500,6,Ana Rodríguez,777888999,1,perro,2555
116,Software de diseño gráfico vectorial,16,13500,6,Ana Rodríguez,777888999,3,casa,12511
116,Software de diseño gráfico vectorial,16,13500,6,Ana Rodríguez,777888999,4,arbol,787877
116,Software de diseño gráfico vectorial,16,13500,7,Luisa Sánchez,333444555,1,perro,2555
116,Software de diseño gráfico vectorial,16,13500,7,Luisa Sánchez,333444555,3,casa,12511
116,Software de diseño gráfico vectorial,16,13500,7,Luisa Sánchez,333444555,4,arbol,787877
116,Software de diseño gráfico vectorial,16,13500,8,Javier García,666777888,1,perro,2555
116,Software de diseño gráfico vectorial,16,13500,8,Javier García,666777888,3,casa,12511
116,Software de diseño gráfico vectorial,16,13500,8,Javier García,666777888,4,arbol,787877
116,Software de diseño gráfico vectorial,16,13500,9,Elena Fernández,999000111,1,perro,2555
116,Software de diseño gráfico vectorial,16,13500,9,Elena Fernández,999000111,3,casa,12511
116,Software de diseño gráfico vectorial,16,13500,9,Elena Fernández,999000111,4,arbol,787877
116,Software de diseño gráfico vectorial,16,13500,10,David Torres,222333444,1,perro,2555
116,Software de diseño gráfico vectorial,16,13500,10,David Torres,222333444,3,casa,12511
116,Software de diseño gráfico vectorial,16,13500,10,David Torres,222333444,4,arbol,787877
116,Software de diseño gráfico vectorial,16,13500,11,Sara Gómez,555666777,1,perro,2555
116,Software de diseño gráfico vectorial,16,13500,11,Sara Gómez,555666777,3,casa,12511
116,Software de diseño gráfico vectorial,16,13500,11,Sara Gómez,555666777,4,arbol,787877
116,Software de diseño gráfico vectorial,16,13500,12,Miguel Pérez,888999000,1,perro,2555
116,Software de diseño gráfico vectorial,16,13500,12,Miguel Pérez,888999000,3,casa,12511
116,Software de diseño gráfico vectorial,16,13500,12,Miguel Pérez,888999000,4,arbol,787877
116,Software de diseño gráfico vectorial,16,13500,13,Paula Rodríguez,111222333,1,perro,2555
116,Software de diseño gráfico vectorial,16,13500,13,Paula Rodríguez,111222333,3,casa,12511
116,Software de diseño gráfico vectorial,16,13500,13,Paula Rodríguez,111222333,4,arbol,787877
116,Software de diseño gráfico vectorial,16,13500,14,Daniel López,444555666,1,perro,2555
116,Software de diseño gráfico vectorial,16,13500,14,Daniel López,444555666,3,casa,12511
116,Software de diseño gráfico vectorial,16,13500,14,Daniel López,444555666,4,arbol,787877
116,Software de diseño gráfico vectorial,16,13500,15,Carmen Martínez,777888999,1,perro,2555
116,Software de diseño gráfico vectorial,16,13500,15,Carmen Martínez,777888999,3,casa,12511
116,Software de diseño gráfico vectorial,16,13500,15,Carmen Martínez,777888999,4,arbol,787877
116,Software de diseño gráfico vectorial,16,13500,16,Alejandro Ruiz,000111222,1,perro,2555
116,Software de diseño gráfico vectorial,16,13500,16,Alejandro Ruiz,000111222,3,casa,12511
116,Software de diseño gráfico vectorial,16,13500,16,Alejandro Ruiz,000111222,4,arbol,787877
117,Sistema de gestión de tareas ágil,17,9000,1,Juan Pérez,123456789,1,perro,2555
117,Sistema de gestión de tareas ágil,17,9000,1,Juan Pérez,123456789,3,casa,12511
117,Sistema de gestión de tareas ágil,17,9000,1,Juan Pérez,123456789,4,arbol,787877
117,Sistema de gestión de tareas ágil,17,9000,2,María González,987654321,1,perro,2555
117,Sistema de gestión de tareas ágil,17,9000,2,María González,987654321,3,casa,12511
117,Sistema de gestión de tareas ágil,17,9000,2,María González,987654321,4,arbol,787877
117,Sistema de gestión de tareas ágil,17,9000,3,Pedro Ramirez,555555555,1,perro,2555
117,Sistema de gestión de tareas ágil,17,9000,3,Pedro Ramirez,555555555,3,casa,12511
117,Sistema de gestión de tareas ágil,17,9000,3,Pedro Ramirez,555555555,4,arbol,787877
117,Sistema de gestión de tareas ágil,17,9000,4,Laura Martínez,111222333,1,perro,2555
117,Sistema de gestión de tareas ágil,17,9000,4,Laura Martínez,111222333,3,casa,12511
117,Sistema de gestión de tareas ágil,17,9000,4,Laura Martínez,111222333,4,arbol,787877
117,Sistema de gestión de tareas ágil,17,9000,5,Carlos López,444555666,1,perro,2555
117,Sistema de gestión de tareas ágil,17,9000,5,Carlos López,444555666,3,casa,12511
117,Sistema de gestión de tareas ágil,17,9000,5,Carlos López,444555666,4,arbol,787877
117,Sistema de gestión de tareas ágil,17,9000,6,Ana Rodríguez,777888999,1,perro,2555
117,Sistema de gestión de tareas ágil,17,9000,6,Ana Rodríguez,777888999,3,casa,12511
117,Sistema de gestión de tareas ágil,17,9000,6,Ana Rodríguez,777888999,4,arbol,787877
117,Sistema de gestión de tareas ágil,17,9000,7,Luisa Sánchez,333444555,1,perro,2555
117,Sistema de gestión de tareas ágil,17,9000,7,Luisa Sánchez,333444555,3,casa,12511
117,Sistema de gestión de tareas ágil,17,9000,7,Luisa Sánchez,333444555,4,arbol,787877
117,Sistema de gestión de tareas ágil,17,9000,8,Javier García,666777888,1,perro,2555
117,Sistema de gestión de tareas ágil,17,9000,8,Javier García,666777888,3,casa,12511
117,Sistema de gestión de tareas ágil,17,9000,8,Javier García,666777888,4,arbol,787877
117,Sistema de gestión de tareas ágil,17,9000,9,Elena Fernández,999000111,1,perro,2555
117,Sistema de gestión de tareas ágil,17,9000,9,Elena Fernández,999000111,3,casa,12511
117,Sistema de gestión de tareas ágil,17,9000,9,Elena Fernández,999000111,4,arbol,787877
117,Sistema de gestión de tareas ágil,17,9000,10,David Torres,222333444,1,perro,2555
117,Sistema de gestión de tareas ágil,17,9000,10,David Torres,222333444,3,casa,12511
117,Sistema de gestión de tareas ágil,17,9000,10,David Torres,222333444,4,arbol,787877
117,Sistema de gestión de tareas ágil,17,9000,11,Sara Gómez,555666777,1,perro,2555
117,Sistema de gestión de tareas ágil,17,9000,11,Sara Gómez,555666777,3,casa,12511
117,Sistema de gestión de tareas ágil,17,9000,11,Sara Gómez,555666777,4,arbol,787877
117,Sistema de gestión de tareas ágil,17,9000,12,Miguel Pérez,888999000,1,perro,2555
117,Sistema de gestión de tareas ágil,17,9000,12,Miguel Pérez,888999000,3,casa,12511
117,Sistema de gestión de tareas ágil,17,9000,12,Miguel Pérez,888999000,4,arbol,787877
117,Sistema de gestión de tareas ágil,17,9000,13,Paula Rodríguez,111222333,1,perro,2555
117,Sistema de gestión de tareas ágil,17,9000,13,Paula Rodríguez,111222333,3,casa,12511
117,Sistema de gestión de tareas ágil,17,9000,13,Paula Rodríguez,111222333,4,arbol,787877
117,Sistema de gestión de tareas ágil,17,9000,14,Daniel López,444555666,1,perro,2555
117,Sistema de gestión de tareas ágil,17,9000,14,Daniel López,444555666,3,casa,12511
117,Sistema de gestión de tareas ágil,17,9000,14,Daniel López,444555666,4,arbol,787877
117,Sistema de gestión de tareas ágil,17,9000,15,Carmen Martínez,777888999,1,perro,2555
117,Sistema de gestión de tareas ágil,17,9000,15,Carmen Martínez,777888999,3,casa,12511
117,Sistema de gestión de tareas ágil,17,9000,15,Carmen Martínez,777888999,4,arbol,787877
117,Sistema de gestión de tareas ágil,17,9000,16,Alejandro Ruiz,000111222,1,perro,2555
117,Sistema de gestión de tareas ágil,17,9000,16,Alejandro Ruiz,000111222,3,casa,12511
117,Sistema de gestión de tareas ágil,17,9000,16,Alejandro Ruiz,000111222,4,arbol,787877
118,Plataforma de crowdfunding para proyectos creativos,18,11500,1,Juan Pérez,123456789,1,perro,2555
118,Plataforma de crowdfunding para proyectos creativos,18,11500,1,Juan Pérez,123456789,3,casa,12511
118,Plataforma de crowdfunding para proyectos creativos,18,11500,1,Juan Pérez,123456789,4,arbol,787877
118,Plataforma de crowdfunding para proyectos creativos,18,11500,2,María González,987654321,1,perro,2555
118,Plataforma de crowdfunding para proyectos creativos,18,11500,2,María González,987654321,3,casa,12511
118,Plataforma de crowdfunding para proyectos creativos,18,11500,2,María González,987654321,4,arbol,787877
118,Plataforma de crowdfunding para proyectos creativos,18,11500,3,Pedro Ramirez,555555555,1,perro,2555
118,Plataforma de crowdfunding para proyectos creativos,18,11500,3,Pedro Ramirez,555555555,3,casa,12511
118,Plataforma de crowdfunding para proyectos creativos,18,11500,3,Pedro Ramirez,555555555,4,arbol,787877
118,Plataforma de crowdfunding para proyectos creativos,18,11500,4,Laura Martínez,111222333,1,perro,2555
118,Plataforma de crowdfunding para proyectos creativos,18,11500,4,Laura Martínez,111222333,3,casa,12511
118,Plataforma de crowdfunding para proyectos creativos,18,11500,4,Laura Martínez,111222333,4,arbol,787877
118,Plataforma de crowdfunding para proyectos creativos,18,11500,5,Carlos López,444555666,1,perro,2555
118,Plataforma de crowdfunding para proyectos creativos,18,11500,5,Carlos López,444555666,3,casa,12511
118,Plataforma de crowdfunding para proyectos creativos,18,11500,5,Carlos López,444555666,4,arbol,787877
118,Plataforma de crowdfunding para proyectos creativos,18,11500,6,Ana Rodríguez,777888999,1,perro,2555
118,Plataforma de crowdfunding para proyectos creativos,18,11500,6,Ana Rodríguez,777888999,3,casa,12511
118,Plataforma de crowdfunding para proyectos creativos,18,11500,6,Ana Rodríguez,777888999,4,arbol,787877
118,Plataforma de crowdfunding para proyectos creativos,18,11500,7,Luisa Sánchez,333444555,1,perro,2555
118,Plataforma de crowdfunding para proyectos creativos,18,11500,7,Luisa Sánchez,333444555,3,casa,12511
118,Plataforma de crowdfunding para proyectos creativos,18,11500,7,Luisa Sánchez,333444555,4,arbol,787877
118,Plataforma de crowdfunding para proyectos creativos,18,11500,8,Javier García,666777888,1,perro,2555
118,Plataforma de crowdfunding para proyectos creativos,18,11500,8,Javier García,666777888,3,casa,12511
118,Plataforma de crowdfunding para proyectos creativos,18,11500,8,Javier García,666777888,4,arbol,787877
118,Plataforma de crowdfunding para proyectos creativos,18,11500,9,Elena Fernández,999000111,1,perro,2555
118,Plataforma de crowdfunding para proyectos creativos,18,11500,9,Elena Fernández,999000111,3,casa,12511
118,Plataforma de crowdfunding para proyectos creativos,18,11500,9,Elena Fernández,999000111,4,arbol,787877
118,Plataforma de crowdfunding para proyectos creativos,18,11500,10,David Torres,222333444,1,perro,2555
118,Plataforma de crowdfunding para proyectos creativos,18,11500,10,David Torres,222333444,3,casa,12511
118,Plataforma de crowdfunding para proyectos creativos,18,11500,10,David Torres,222333444,4,arbol,787877
118,Plataforma de crowdfunding para proyectos creativos,18,11500,11,Sara Gómez,555666777,1,perro,2555
118,Plataforma de crowdfunding para proyectos creativos,18,11500,11,Sara Gómez,555666777,3,casa,12511
118,Plataforma de crowdfunding para proyectos creativos,18,11500,11,Sara Gómez,555666777,4,arbol,787877
118,Plataforma de crowdfunding para proyectos creativos,18,11500,12,Miguel Pérez,888999000,1,perro,2555
118,Plataforma de crowdfunding para proyectos creativos,18,11500,12,Miguel Pérez,888999000,3,casa,12511
118,Plataforma de crowdfunding para proyectos creativos,18,11500,12,Miguel Pérez,888999000,4,arbol,787877
118,Plataforma de crowdfunding para proyectos creativos,18,11500,13,Paula Rodríguez,111222333,1,perro,2555
118,Plataforma de crowdfunding para proyectos creativos,18,11500,13,Paula Rodríguez,111222333,3,casa,12511
118,Plataforma de crowdfunding para proyectos creativos,18,11500,13,Paula Rodríguez,111222333,4,arbol,787877
118,Plataforma de crowdfunding para proyectos creativos,18,11500,14,Daniel López,444555666,1,perro,2555
118,Plataforma de crowdfunding para proyectos creativos,18,11500,14,Daniel López,444555666,3,casa,12511
118,Plataforma de crowdfunding para proyectos creativos,18,11500,14,Daniel López,444555666,4,arbol,787877
118,Plataforma de crowdfunding para proyectos creativos,18,11500,15,Carmen Martínez,777888999,1,perro,2555
118,Plataforma de crowdfunding para proyectos creativos,18,11500,15,Carmen Martínez,777888999,3,casa,12511
118,Plataforma de crowdfunding para proyectos creativos,18,11500,15,Carmen Martínez,777888999,4,arbol,787877
118,Plataforma de crowdfunding para proyectos creativos,18,11500,16,Alejandro Ruiz,000111222,1,perro,2555
118,Plataforma de crowdfunding para proyectos creativos,18,11500,16,Alejandro Ruiz,000111222,3,casa,12511
118,Plataforma de crowdfunding para proyectos creativos,18,11500,16,Alejandro Ruiz,000111222,4,arbol,787877